{
  "hash": "3ee7265c",
  "configHash": "47b48798",
  "lockfileHash": "f704981e",
  "browserHash": "207d8608",
  "optimized": {
    "@angular/core": {
      "src": "../../../../../node_modules/@angular/core/fesm2022/core.mjs",
      "file": "@angular_core.js",
      "fileHash": "485530a7",
      "needsInterop": false
    },
    "@angular/platform-browser": {
      "src": "../../../../../node_modules/@angular/platform-browser/fesm2022/platform-browser.mjs",
      "file": "@angular_platform-browser.js",
      "fileHash": "28377311",
      "needsInterop": false
    },
    "@angular/router": {
      "src": "../../../../../node_modules/@angular/router/fesm2022/router.mjs",
      "file": "@angular_router.js",
      "fileHash": "795c7ce8",
      "needsInterop": false
    },
    "@angular/forms": {
      "src": "../../../../../node_modules/@angular/forms/fesm2022/forms.mjs",
      "file": "@angular_forms.js",
      "fileHash": "fa5066a3",
      "needsInterop": false
    },
    "@angular/common": {
      "src": "../../../../../node_modules/@angular/common/fesm2022/common.mjs",
      "file": "@angular_common.js",
      "fileHash": "cffc07de",
      "needsInterop": false
    }
  },
  "chunks": {
    "chunk-XQC5PYM5": {
      "file": "chunk-XQC5PYM5.js"
    },
    "chunk-ZQGI3ZYG": {
      "file": "chunk-ZQGI3ZYG.js"
    },
    "chunk-6DT2DWOU": {
      "file": "chunk-6DT2DWOU.js"
    }
  }
}